"route_id","i","j","distance","traffic_time","base_time","route_lat","route_long","start_street_side","start_street_name","stop_street_side","stop_street_name","step_id"
"1",5,4,2514,735,717,40.4097449,-3.7138335,"left","Calle del Rosario","left","Plaza de Santo Domingo",1
"1",5,4,2514,735,717,40.4096246,-3.7141299,"left","Calle del Rosario","left","Plaza de Santo Domingo",2
"1",5,4,2514,735,717,40.4094422,-3.7146664,"left","Calle del Rosario","left","Plaza de Santo Domingo",3
"1",5,4,2514,735,717,40.4093778,-3.714838,"left","Calle del Rosario","left","Plaza de Santo Domingo",4
"1",5,4,2514,735,717,40.4091632,-3.7153959,"left","Calle del Rosario","left","Plaza de Santo Domingo",5
"1",5,4,2514,735,717,40.4091203,-3.7154925,"left","Calle del Rosario","left","Plaza de Santo Domingo",6
"1",5,4,2514,735,717,40.4090345,-3.7157393,"left","Calle del Rosario","left","Plaza de Santo Domingo",7
"1",5,4,2514,735,717,40.4089916,-3.7157822,"left","Calle del Rosario","left","Plaza de Santo Domingo",8
"1",5,4,2514,735,717,40.4089379,-3.7157822,"left","Calle del Rosario","left","Plaza de Santo Domingo",9
"1",5,4,2514,735,717,40.4088521,-3.71575,"left","Calle del Rosario","left","Plaza de Santo Domingo",10
"1",5,4,2514,735,717,40.4085946,-3.7153637,"left","Calle del Rosario","left","Plaza de Santo Domingo",11
"1",5,4,2514,735,717,40.4085624,-3.7152779,"left","Calle del Rosario","left","Plaza de Santo Domingo",12
"1",5,4,2514,735,717,40.4087234,-3.7149239,"left","Calle del Rosario","left","Plaza de Santo Domingo",13
"1",5,4,2514,735,717,40.4093349,-3.7134647,"left","Calle del Rosario","left","Plaza de Santo Domingo",14
"1",5,4,2514,735,717,40.4095924,-3.7135935,"left","Calle del Rosario","left","Plaza de Santo Domingo",15
"1",5,4,2514,735,717,40.409807,-3.7137008,"left","Calle del Rosario","left","Plaza de Santo Domingo",16
"1",5,4,2514,735,717,40.4099786,-3.7137973,"left","Calle del Rosario","left","Plaza de Santo Domingo",17
"1",5,4,2514,735,717,40.4100966,-3.7138617,"left","Calle del Rosario","left","Plaza de Santo Domingo",18
"1",5,4,2514,735,717,40.4101932,-3.7138939,"left","Calle del Rosario","left","Plaza de Santo Domingo",19
"1",5,4,2514,735,717,40.4103112,-3.7138939,"left","Calle del Rosario","left","Plaza de Santo Domingo",20
"1",5,4,2514,735,717,40.4103541,-3.7138402,"left","Calle del Rosario","left","Plaza de Santo Domingo",21
"1",5,4,2514,735,717,40.4104185,-3.7138081,"left","Calle del Rosario","left","Plaza de Santo Domingo",22
"1",5,4,2514,735,717,40.4105258,-3.7138188,"left","Calle del Rosario","left","Plaza de Santo Domingo",23
"1",5,4,2514,735,717,40.410558,-3.7137866,"left","Calle del Rosario","left","Plaza de Santo Domingo",24
"1",5,4,2514,735,717,40.4105902,-3.7137651,"left","Calle del Rosario","left","Plaza de Santo Domingo",25
"1",5,4,2514,735,717,40.4106224,-3.7137651,"left","Calle del Rosario","left","Plaza de Santo Domingo",26
"1",5,4,2514,735,717,40.4106545,-3.7137759,"left","Calle del Rosario","left","Plaza de Santo Domingo",27
"1",5,4,2514,735,717,40.4106867,-3.7138188,"left","Calle del Rosario","left","Plaza de Santo Domingo",28
"1",5,4,2514,735,717,40.4108155,-3.713851,"left","Calle del Rosario","left","Plaza de Santo Domingo",29
"1",5,4,2514,735,717,40.4108799,-3.7138832,"left","Calle del Rosario","left","Plaza de Santo Domingo",30
"1",5,4,2514,735,717,40.410955,-3.7139475,"left","Calle del Rosario","left","Plaza de Santo Domingo",31
"1",5,4,2514,735,717,40.4110515,-3.7139475,"left","Calle del Rosario","left","Plaza de Santo Domingo",32
"1",5,4,2514,735,717,40.4114592,-3.7139153,"left","Calle del Rosario","left","Plaza de Santo Domingo",33
"1",5,4,2514,735,717,40.4117918,-3.7138832,"left","Calle del Rosario","left","Plaza de Santo Domingo",34
"1",5,4,2514,735,717,40.4118776,-3.7138724,"left","Calle del Rosario","left","Plaza de Santo Domingo",35
"1",5,4,2514,735,717,40.4121566,-3.7138402,"left","Calle del Rosario","left","Plaza de Santo Domingo",36
"1",5,4,2514,735,717,40.4122961,-3.7138188,"left","Calle del Rosario","left","Plaza de Santo Domingo",37
"1",5,4,2514,735,717,40.4129076,-3.7137651,"left","Calle del Rosario","left","Plaza de Santo Domingo",38
"1",5,4,2514,735,717,40.4130363,-3.7137544,"left","Calle del Rosario","left","Plaza de Santo Domingo",39
"1",5,4,2514,735,717,40.4134119,-3.7137008,"left","Calle del Rosario","left","Plaza de Santo Domingo",40
"1",5,4,2514,735,717,40.4138732,-3.7136471,"left","Calle del Rosario","left","Plaza de Santo Domingo",41
"1",5,4,2514,735,717,40.4143882,-3.7135935,"left","Calle del Rosario","left","Plaza de Santo Domingo",42
"1",5,4,2514,735,717,40.4145491,-3.713572,"left","Calle del Rosario","left","Plaza de Santo Domingo",43
"1",5,4,2514,735,717,40.4149246,-3.7135184,"left","Calle del Rosario","left","Plaza de Santo Domingo",44
"1",5,4,2514,735,717,40.415107,-3.7134969,"left","Calle del Rosario","left","Plaza de Santo Domingo",45
"1",5,4,2514,735,717,40.4152036,-3.7134862,"left","Calle del Rosario","left","Plaza de Santo Domingo",46
"1",5,4,2514,735,717,40.4153001,-3.7134755,"left","Calle del Rosario","left","Plaza de Santo Domingo",47
"1",5,4,2514,735,717,40.4154503,-3.7134647,"left","Calle del Rosario","left","Plaza de Santo Domingo",48
"1",5,4,2514,735,717,40.4156005,-3.713454,"left","Calle del Rosario","left","Plaza de Santo Domingo",49
"1",5,4,2514,735,717,40.4160619,-3.7133896,"left","Calle del Rosario","left","Plaza de Santo Domingo",50
"1",5,4,2514,735,717,40.4162335,-3.7133574,"left","Calle del Rosario","left","Plaza de Santo Domingo",51
"1",5,4,2514,735,717,40.4165661,-3.7133253,"left","Calle del Rosario","left","Plaza de Santo Domingo",52
"1",5,4,2514,735,717,40.4195809,-3.7129712,"left","Calle del Rosario","left","Plaza de Santo Domingo",53
"1",5,4,2514,735,717,40.4202354,-3.7128854,"left","Calle del Rosario","left","Plaza de Santo Domingo",54
"1",5,4,2514,735,717,40.4203105,-3.7128854,"left","Calle del Rosario","left","Plaza de Santo Domingo",55
"1",5,4,2514,735,717,40.4203856,-3.7128747,"left","Calle del Rosario","left","Plaza de Santo Domingo",56
"1",5,4,2514,735,717,40.4204822,-3.7128639,"left","Calle del Rosario","left","Plaza de Santo Domingo",57
"1",5,4,2514,735,717,40.4206538,-3.7128317,"left","Calle del Rosario","left","Plaza de Santo Domingo",58
"1",5,4,2514,735,717,40.4208577,-3.712821,"left","Calle del Rosario","left","Plaza de Santo Domingo",59
"1",5,4,2514,735,717,40.420965,-3.7127566,"left","Calle del Rosario","left","Plaza de Santo Domingo",60
"1",5,4,2514,735,717,40.4211152,-3.7127137,"left","Calle del Rosario","left","Plaza de Santo Domingo",61
"1",5,4,2514,735,717,40.4215658,-3.7127459,"left","Calle del Rosario","left","Plaza de Santo Domingo",62
"1",5,4,2514,735,717,40.4217267,-3.7127888,"left","Calle del Rosario","left","Plaza de Santo Domingo",63
"1",5,4,2514,735,717,40.4219198,-3.7128747,"left","Calle del Rosario","left","Plaza de Santo Domingo",64
"1",5,4,2514,735,717,40.4219735,-3.7128639,"left","Calle del Rosario","left","Plaza de Santo Domingo",65
"1",5,4,2514,735,717,40.4221129,-3.7129498,"left","Calle del Rosario","left","Plaza de Santo Domingo",66
"1",5,4,2514,735,717,40.4221988,-3.7128747,"left","Calle del Rosario","left","Plaza de Santo Domingo",67
"1",5,4,2514,735,717,40.4223382,-3.7127244,"left","Calle del Rosario","left","Plaza de Santo Domingo",68
"1",5,4,2514,735,717,40.4223919,-3.7126279,"left","Calle del Rosario","left","Plaza de Santo Domingo",69
"1",5,4,2514,735,717,40.4225206,-3.7124133,"left","Calle del Rosario","left","Plaza de Santo Domingo",70
"1",5,4,2514,735,717,40.4226923,-3.7121129,"left","Calle del Rosario","left","Plaza de Santo Domingo",71
"1",5,4,2514,735,717,40.4229176,-3.7117052,"left","Calle del Rosario","left","Plaza de Santo Domingo",72
"1",5,4,2514,735,717,40.4230571,-3.7114477,"left","Calle del Rosario","left","Plaza de Santo Domingo",73
"1",5,4,2514,735,717,40.4232073,-3.7111902,"left","Calle del Rosario","left","Plaza de Santo Domingo",74
"1",5,4,2514,735,717,40.4227245,-3.7108147,"left","Calle del Rosario","left","Plaza de Santo Domingo",75
"1",5,4,2514,735,717,40.4225206,-3.7106752,"left","Calle del Rosario","left","Plaza de Santo Domingo",76
"1",5,4,2514,735,717,40.4213727,-3.7099349,"left","Calle del Rosario","left","Plaza de Santo Domingo",77
"1",5,4,2514,735,717,40.421201,-3.7097955,"left","Calle del Rosario","left","Plaza de Santo Domingo",78
"1",5,4,2514,735,717,40.4207289,-3.7093341,"left","Calle del Rosario","left","Plaza de Santo Domingo",79
"1",5,4,2514,735,717,40.4205787,-3.7090015,"left","Calle del Rosario","left","Plaza de Santo Domingo",80
"1",5,4,2514,735,717,40.4205465,-3.7088621,"left","Calle del Rosario","left","Plaza de Santo Domingo",81
"1",5,4,2514,735,717,40.4205143,-3.7085295,"left","Calle del Rosario","left","Plaza de Santo Domingo",82
"1",5,4,2514,735,717,40.4205036,-3.7083793,"left","Calle del Rosario","left","Plaza de Santo Domingo",83
"1",5,4,2514,735,717,40.4203427,-3.7082398,"left","Calle del Rosario","left","Plaza de Santo Domingo",84
"1",5,4,2514,735,717,40.4202354,-3.7081647,"left","Calle del Rosario","left","Plaza de Santo Domingo",85
"2",4,5,1551,517,517,40.4202354,-3.7081647,"right","Plaza de Santo Domingo","left","Calle del Rosario",86
"2",4,5,1551,517,517,40.420289,-3.7083364,"right","Plaza de Santo Domingo","left","Calle del Rosario",87
"2",4,5,1551,517,517,40.4202247,-3.7085509,"right","Plaza de Santo Domingo","left","Calle del Rosario",88
"2",4,5,1551,517,517,40.4199672,-3.709141,"right","Plaza de Santo Domingo","left","Calle del Rosario",89
"2",4,5,1551,517,517,40.4199243,-3.7093019,"right","Plaza de Santo Domingo","left","Calle del Rosario",90
"2",4,5,1551,517,517,40.419656,-3.7095273,"right","Plaza de Santo Domingo","left","Calle del Rosario",91
"2",4,5,1551,517,517,40.4187763,-3.7103641,"right","Plaza de Santo Domingo","left","Calle del Rosario",92
"2",4,5,1551,517,517,40.4186261,-3.7101495,"right","Plaza de Santo Domingo","left","Calle del Rosario",93
"2",4,5,1551,517,517,40.418433,-3.7097526,"right","Plaza de Santo Domingo","left","Calle del Rosario",94
"2",4,5,1551,517,517,40.4181647,-3.7097847,"right","Plaza de Santo Domingo","left","Calle del Rosario",95
"2",4,5,1551,517,517,40.4179072,-3.7098169,"right","Plaza de Santo Domingo","left","Calle del Rosario",96
"2",4,5,1551,517,517,40.4178965,-3.7100101,"right","Plaza de Santo Domingo","left","Calle del Rosario",97
"2",4,5,1551,517,517,40.4178429,-3.7103641,"right","Plaza de Santo Domingo","left","Calle del Rosario",98
"2",4,5,1551,517,517,40.4177678,-3.710568,"right","Plaza de Santo Domingo","left","Calle del Rosario",99
"2",4,5,1551,517,517,40.4175746,-3.710922,"right","Plaza de Santo Domingo","left","Calle del Rosario",100
"2",4,5,1551,517,517,40.4172421,-3.7115014,"right","Plaza de Santo Domingo","left","Calle del Rosario",101
"2",4,5,1551,517,517,40.4171669,-3.7116086,"right","Plaza de Santo Domingo","left","Calle del Rosario",102
"2",4,5,1551,517,517,40.4171348,-3.711673,"right","Plaza de Santo Domingo","left","Calle del Rosario",103
"2",4,5,1551,517,517,40.4171133,-3.7117696,"right","Plaza de Santo Domingo","left","Calle del Rosario",104
"2",4,5,1551,517,517,40.4171133,-3.7118554,"right","Plaza de Santo Domingo","left","Calle del Rosario",105
"2",4,5,1551,517,517,40.4171562,-3.7127781,"right","Plaza de Santo Domingo","left","Calle del Rosario",106
"2",4,5,1551,517,517,40.4172099,-3.7130678,"right","Plaza de Santo Domingo","left","Calle del Rosario",107
"2",4,5,1551,517,517,40.4172099,-3.7131214,"right","Plaza de Santo Domingo","left","Calle del Rosario",108
"2",4,5,1551,517,517,40.4171777,-3.7131751,"right","Plaza de Santo Domingo","left","Calle del Rosario",109
"2",4,5,1551,517,517,40.4164588,-3.7132931,"right","Plaza de Santo Domingo","left","Calle del Rosario",110
"2",4,5,1551,517,517,40.4163623,-3.713336,"right","Plaza de Santo Domingo","left","Calle del Rosario",111
"2",4,5,1551,517,517,40.4161906,-3.7134326,"right","Plaza de Santo Domingo","left","Calle del Rosario",112
"2",4,5,1551,517,517,40.4161155,-3.7134647,"right","Plaza de Santo Domingo","left","Calle del Rosario",113
"2",4,5,1551,517,517,40.4156435,-3.7135291,"right","Plaza de Santo Domingo","left","Calle del Rosario",114
"2",4,5,1551,517,517,40.4155684,-3.7135184,"right","Plaza de Santo Domingo","left","Calle del Rosario",115
"2",4,5,1551,517,517,40.4154503,-3.7134647,"right","Plaza de Santo Domingo","left","Calle del Rosario",116
"2",4,5,1551,517,517,40.4153001,-3.7134755,"right","Plaza de Santo Domingo","left","Calle del Rosario",117
"2",4,5,1551,517,517,40.4152036,-3.7134862,"right","Plaza de Santo Domingo","left","Calle del Rosario",118
"2",4,5,1551,517,517,40.415107,-3.7134969,"right","Plaza de Santo Domingo","left","Calle del Rosario",119
"2",4,5,1551,517,517,40.4149246,-3.7135184,"right","Plaza de Santo Domingo","left","Calle del Rosario",120
"2",4,5,1551,517,517,40.4145491,-3.713572,"right","Plaza de Santo Domingo","left","Calle del Rosario",121
"2",4,5,1551,517,517,40.4143882,-3.7135935,"right","Plaza de Santo Domingo","left","Calle del Rosario",122
"2",4,5,1551,517,517,40.4138732,-3.7136471,"right","Plaza de Santo Domingo","left","Calle del Rosario",123
"2",4,5,1551,517,517,40.4134119,-3.7137008,"right","Plaza de Santo Domingo","left","Calle del Rosario",124
"2",4,5,1551,517,517,40.4130363,-3.7137544,"right","Plaza de Santo Domingo","left","Calle del Rosario",125
"2",4,5,1551,517,517,40.4129076,-3.7137651,"right","Plaza de Santo Domingo","left","Calle del Rosario",126
"2",4,5,1551,517,517,40.4122961,-3.7138188,"right","Plaza de Santo Domingo","left","Calle del Rosario",127
"2",4,5,1551,517,517,40.4121566,-3.7138402,"right","Plaza de Santo Domingo","left","Calle del Rosario",128
"2",4,5,1551,517,517,40.4118776,-3.7138724,"right","Plaza de Santo Domingo","left","Calle del Rosario",129
"2",4,5,1551,517,517,40.4117918,-3.7138832,"right","Plaza de Santo Domingo","left","Calle del Rosario",130
"2",4,5,1551,517,517,40.4114592,-3.7139153,"right","Plaza de Santo Domingo","left","Calle del Rosario",131
"2",4,5,1551,517,517,40.4110515,-3.7139475,"right","Plaza de Santo Domingo","left","Calle del Rosario",132
"2",4,5,1551,517,517,40.410955,-3.7139475,"right","Plaza de Santo Domingo","left","Calle del Rosario",133
"2",4,5,1551,517,517,40.4109013,-3.7139797,"right","Plaza de Santo Domingo","left","Calle del Rosario",134
"2",4,5,1551,517,517,40.410794,-3.7139904,"right","Plaza de Santo Domingo","left","Calle del Rosario",135
"2",4,5,1551,517,517,40.4106867,-3.7139475,"right","Plaza de Santo Domingo","left","Calle del Rosario",136
"2",4,5,1551,517,517,40.4106653,-3.7139797,"right","Plaza de Santo Domingo","left","Calle del Rosario",137
"2",4,5,1551,517,517,40.4105902,-3.7139904,"right","Plaza de Santo Domingo","left","Calle del Rosario",138
"2",4,5,1551,517,517,40.4105258,-3.7139475,"right","Plaza de Santo Domingo","left","Calle del Rosario",139
"2",4,5,1551,517,517,40.4104829,-3.7139583,"right","Plaza de Santo Domingo","left","Calle del Rosario",140
"2",4,5,1551,517,517,40.4104185,-3.7139475,"right","Plaza de Santo Domingo","left","Calle del Rosario",141
"2",4,5,1551,517,517,40.4103112,-3.7138939,"right","Plaza de Santo Domingo","left","Calle del Rosario",142
"2",4,5,1551,517,517,40.4101932,-3.7138939,"right","Plaza de Santo Domingo","left","Calle del Rosario",143
"2",4,5,1551,517,517,40.4100966,-3.7138617,"right","Plaza de Santo Domingo","left","Calle del Rosario",144
"2",4,5,1551,517,517,40.4099786,-3.7137973,"right","Plaza de Santo Domingo","left","Calle del Rosario",145
"2",4,5,1551,517,517,40.409807,-3.7137008,"right","Plaza de Santo Domingo","left","Calle del Rosario",146
"2",4,5,1551,517,517,40.4097641,-3.7137866,"right","Plaza de Santo Domingo","left","Calle del Rosario",147
"2",4,5,1551,517,517,40.4097449,-3.7138335,"right","Plaza de Santo Domingo","left","Calle del Rosario",148
"3",4,2,1791,793,793,40.4202354,-3.7081647,"left","Plaza de Santo Domingo","left","Calle del Humilladero",149
"3",4,2,1791,793,793,40.4199672,-3.7080038,"left","Plaza de Santo Domingo","left","Calle del Humilladero",150
"3",4,2,1791,793,793,40.4198706,-3.7079394,"left","Plaza de Santo Domingo","left","Calle del Humilladero",151
"3",4,2,1791,793,793,40.4198277,-3.707875,"left","Plaza de Santo Domingo","left","Calle del Humilladero",152
"3",4,2,1791,793,793,40.419817,-3.7077892,"left","Plaza de Santo Domingo","left","Calle del Humilladero",153
"3",4,2,1791,793,793,40.4193234,-3.7074351,"left","Plaza de Santo Domingo","left","Calle del Humilladero",154
"3",4,2,1791,793,793,40.4190981,-3.7073493,"left","Plaza de Santo Domingo","left","Calle del Humilladero",155
"3",4,2,1791,793,793,40.418669,-3.7074351,"left","Plaza de Santo Domingo","left","Calle del Humilladero",156
"3",4,2,1791,793,793,40.4186046,-3.7069952,"left","Plaza de Santo Domingo","left","Calle del Humilladero",157
"3",4,2,1791,793,793,40.4185939,-3.7069845,"left","Plaza de Santo Domingo","left","Calle del Humilladero",158
"3",4,2,1791,793,793,40.4185295,-3.7069523,"left","Plaza de Santo Domingo","left","Calle del Humilladero",159
"3",4,2,1791,793,793,40.4184651,-3.7069738,"left","Plaza de Santo Domingo","left","Calle del Humilladero",160
"3",4,2,1791,793,793,40.4183149,-3.7071776,"left","Plaza de Santo Domingo","left","Calle del Humilladero",161
"3",4,2,1791,793,793,40.4182613,-3.70736,"left","Plaza de Santo Domingo","left","Calle del Humilladero",162
"3",4,2,1791,793,793,40.4182398,-3.7075102,"left","Plaza de Santo Domingo","left","Calle del Humilladero",163
"3",4,2,1791,793,793,40.4183257,-3.7082076,"left","Plaza de Santo Domingo","left","Calle del Humilladero",164
"3",4,2,1791,793,793,40.4181969,-3.708272,"left","Plaza de Santo Domingo","left","Calle del Humilladero",165
"3",4,2,1791,793,793,40.4177892,-3.7084758,"left","Plaza de Santo Domingo","left","Calle del Humilladero",166
"3",4,2,1791,793,793,40.4178107,-3.7085724,"left","Plaza de Santo Domingo","left","Calle del Humilladero",167
"3",4,2,1791,793,793,40.4170382,-3.7087226,"left","Plaza de Santo Domingo","left","Calle del Humilladero",168
"3",4,2,1791,793,793,40.4168451,-3.7087119,"left","Plaza de Santo Domingo","left","Calle del Humilladero",169
"3",4,2,1791,793,793,40.4167914,-3.7086904,"left","Plaza de Santo Domingo","left","Calle del Humilladero",170
"3",4,2,1791,793,793,40.4167378,-3.7086368,"left","Plaza de Santo Domingo","left","Calle del Humilladero",171
"3",4,2,1791,793,793,40.4165018,-3.7085938,"left","Plaza de Santo Domingo","left","Calle del Humilladero",172
"3",4,2,1791,793,793,40.4164374,-3.7086046,"left","Plaza de Santo Domingo","left","Calle del Humilladero",173
"3",4,2,1791,793,793,40.4163837,-3.7086368,"left","Plaza de Santo Domingo","left","Calle del Humilladero",174
"3",4,2,1791,793,793,40.4163194,-3.7086582,"left","Plaza de Santo Domingo","left","Calle del Humilladero",175
"3",4,2,1791,793,793,40.4159653,-3.7086689,"left","Plaza de Santo Domingo","left","Calle del Humilladero",176
"3",4,2,1791,793,793,40.4159224,-3.7088513,"left","Plaza de Santo Domingo","left","Calle del Humilladero",177
"3",4,2,1791,793,793,40.4158151,-3.7088299,"left","Plaza de Santo Domingo","left","Calle del Humilladero",178
"3",4,2,1791,793,793,40.4155684,-3.7087762,"left","Plaza de Santo Domingo","left","Calle del Humilladero",179
"3",4,2,1791,793,793,40.4154289,-3.7086689,"left","Plaza de Santo Domingo","left","Calle del Humilladero",180
"3",4,2,1791,793,793,40.4153538,-3.7085187,"left","Plaza de Santo Domingo","left","Calle del Humilladero",181
"3",4,2,1791,793,793,40.4153323,-3.7084758,"left","Plaza de Santo Domingo","left","Calle del Humilladero",182
"3",4,2,1791,793,793,40.415225,-3.70839,"left","Plaza de Santo Domingo","left","Calle del Humilladero",183
"3",4,2,1791,793,793,40.4147208,-3.7081647,"left","Plaza de Santo Domingo","left","Calle del Humilladero",184
"3",4,2,1791,793,793,40.4145598,-3.7080252,"left","Plaza de Santo Domingo","left","Calle del Humilladero",185
"3",4,2,1791,793,793,40.414474,-3.7080145,"left","Plaza de Santo Domingo","left","Calle del Humilladero",186
"3",4,2,1791,793,793,40.4139054,-3.7081754,"left","Plaza de Santo Domingo","left","Calle del Humilladero",187
"3",4,2,1791,793,793,40.413723,-3.7081969,"left","Plaza de Santo Domingo","left","Calle del Humilladero",188
"3",4,2,1791,793,793,40.4136908,-3.7081432,"left","Plaza de Santo Domingo","left","Calle del Humilladero",189
"3",4,2,1791,793,793,40.4135942,-3.7078428,"left","Plaza de Santo Domingo","left","Calle del Humilladero",190
"3",4,2,1791,793,793,40.4135621,-3.707757,"left","Plaza de Santo Domingo","left","Calle del Humilladero",191
"3",4,2,1791,793,793,40.4133475,-3.7074351,"left","Plaza de Santo Domingo","left","Calle del Humilladero",192
"3",4,2,1791,793,793,40.4128218,-3.7075424,"left","Plaza de Santo Domingo","left","Calle del Humilladero",193
"3",4,2,1791,793,793,40.4126287,-3.7075961,"left","Plaza de Santo Domingo","left","Calle del Humilladero",194
"3",4,2,1791,793,793,40.4124677,-3.7076926,"left","Plaza de Santo Domingo","left","Calle del Humilladero",195
"3",4,2,1791,793,793,40.4121351,-3.7078643,"left","Plaza de Santo Domingo","left","Calle del Humilladero",196
"3",4,2,1791,793,793,40.4113197,-3.7083042,"left","Plaza de Santo Domingo","left","Calle del Humilladero",197
"3",4,2,1791,793,793,40.4113305,-3.7084007,"left","Plaza de Santo Domingo","left","Calle del Humilladero",198
"3",4,2,1791,793,793,40.411309,-3.7084436,"left","Plaza de Santo Domingo","left","Calle del Humilladero",199
"3",4,2,1791,793,793,40.4112446,-3.7084866,"left","Plaza de Santo Domingo","left","Calle del Humilladero",200
"3",4,2,1791,793,793,40.4111695,-3.7084651,"left","Plaza de Santo Domingo","left","Calle del Humilladero",201
"3",4,2,1791,793,793,40.4107833,-3.7088299,"left","Plaza de Santo Domingo","left","Calle del Humilladero",202
"3",4,2,1791,793,793,40.4104829,-3.7090659,"left","Plaza de Santo Domingo","left","Calle del Humilladero",203
"3",4,2,1791,793,793,40.4108047,-3.7096453,"left","Plaza de Santo Domingo","left","Calle del Humilladero",204
"3",4,2,1791,793,793,40.4108047,-3.7096775,"left","Plaza de Santo Domingo","left","Calle del Humilladero",205
"3",4,2,1791,793,793,40.4108047,-3.7097847,"left","Plaza de Santo Domingo","left","Calle del Humilladero",206
"3",4,2,1791,793,793,40.4106653,-3.7103963,"left","Plaza de Santo Domingo","left","Calle del Humilladero",207
"3",4,2,1791,793,793,40.4103327,-3.7103212,"left","Plaza de Santo Domingo","left","Calle del Humilladero",208
"3",4,2,1791,793,793,40.4103434,-3.7104714,"left","Plaza de Santo Domingo","left","Calle del Humilladero",209
"3",4,2,1791,793,793,40.4105258,-3.7115765,"left","Plaza de Santo Domingo","left","Calle del Humilladero",210
"3",4,2,1791,793,793,40.4110301,-3.7113404,"left","Plaza de Santo Domingo","left","Calle del Humilladero",211
"3",4,2,1791,793,793,40.4108906,-3.7105036,"left","Plaza de Santo Domingo","left","Calle del Humilladero",212
"3",4,2,1791,793,793,40.4109013,-3.7104499,"left","Plaza de Santo Domingo","left","Calle del Humilladero",213
"3",4,2,1791,793,793,40.4108022,-3.7104275,"left","Plaza de Santo Domingo","left","Calle del Humilladero",214
"4",2,4,1503,580,580,40.4108022,-3.7104275,"left","Calle del Humilladero","right","Plaza de Santo Domingo",215
"4",2,4,1503,580,580,40.4106653,-3.7103963,"left","Calle del Humilladero","right","Plaza de Santo Domingo",216
"4",2,4,1503,580,580,40.4103327,-3.7103212,"left","Calle del Humilladero","right","Plaza de Santo Domingo",217
"4",2,4,1503,580,580,40.4102683,-3.7103212,"left","Calle del Humilladero","right","Plaza de Santo Domingo",218
"4",2,4,1503,580,580,40.4099357,-3.7095058,"left","Calle del Humilladero","right","Plaza de Santo Domingo",219
"4",2,4,1503,580,580,40.4103541,-3.7091732,"left","Calle del Humilladero","right","Plaza de Santo Domingo",220
"4",2,4,1503,580,580,40.4104829,-3.7090659,"left","Calle del Humilladero","right","Plaza de Santo Domingo",221
"4",2,4,1503,580,580,40.4107833,-3.7088299,"left","Calle del Humilladero","right","Plaza de Santo Domingo",222
"4",2,4,1503,580,580,40.4111695,-3.7084651,"left","Calle del Humilladero","right","Plaza de Santo Domingo",223
"4",2,4,1503,580,580,40.4111481,-3.7084329,"left","Calle del Humilladero","right","Plaza de Santo Domingo",224
"4",2,4,1503,580,580,40.4111481,-3.7083364,"left","Calle del Humilladero","right","Plaza de Santo Domingo",225
"4",2,4,1503,580,580,40.4111803,-3.708272,"left","Calle del Humilladero","right","Plaza de Santo Domingo",226
"4",2,4,1503,580,580,40.4112446,-3.7082398,"left","Calle del Humilladero","right","Plaza de Santo Domingo",227
"4",2,4,1503,580,580,40.4112875,-3.7082613,"left","Calle del Humilladero","right","Plaza de Santo Domingo",228
"4",2,4,1503,580,580,40.4113197,-3.7083042,"left","Calle del Humilladero","right","Plaza de Santo Domingo",229
"4",2,4,1503,580,580,40.4121351,-3.7078643,"left","Calle del Humilladero","right","Plaza de Santo Domingo",230
"4",2,4,1503,580,580,40.4124677,-3.7076926,"left","Calle del Humilladero","right","Plaza de Santo Domingo",231
"4",2,4,1503,580,580,40.4126287,-3.7075961,"left","Calle del Humilladero","right","Plaza de Santo Domingo",232
"4",2,4,1503,580,580,40.4128218,-3.7075424,"left","Calle del Humilladero","right","Plaza de Santo Domingo",233
"4",2,4,1503,580,580,40.4133475,-3.7074351,"left","Calle del Humilladero","right","Plaza de Santo Domingo",234
"4",2,4,1503,580,580,40.413605,-3.7074459,"left","Calle del Humilladero","right","Plaza de Santo Domingo",235
"4",2,4,1503,580,580,40.4136908,-3.7074566,"left","Calle del Humilladero","right","Plaza de Santo Domingo",236
"4",2,4,1503,580,580,40.4139376,-3.7074673,"left","Calle del Humilladero","right","Plaza de Santo Domingo",237
"4",2,4,1503,580,580,40.414077,-3.7074888,"left","Calle del Humilladero","right","Plaza de Santo Domingo",238
"4",2,4,1503,580,580,40.4143131,-3.707478,"left","Calle del Humilladero","right","Plaza de Santo Domingo",239
"4",2,4,1503,580,580,40.4143667,-3.7074566,"left","Calle del Humilladero","right","Plaza de Santo Domingo",240
"4",2,4,1503,580,580,40.4146886,-3.7074995,"left","Calle del Humilladero","right","Plaza de Santo Domingo",241
"4",2,4,1503,580,580,40.4147851,-3.7075317,"left","Calle del Humilladero","right","Plaza de Santo Domingo",242
"4",2,4,1503,580,580,40.4150319,-3.7075853,"left","Calle del Humilladero","right","Plaza de Santo Domingo",243
"4",2,4,1503,580,580,40.4153967,-3.7077248,"left","Calle del Humilladero","right","Plaza de Santo Domingo",244
"4",2,4,1503,580,580,40.4155576,-3.7078536,"left","Calle del Humilladero","right","Plaza de Santo Domingo",245
"4",2,4,1503,580,580,40.4157722,-3.7079287,"left","Calle del Humilladero","right","Plaza de Santo Domingo",246
"4",2,4,1503,580,580,40.4158473,-3.7079823,"left","Calle del Humilladero","right","Plaza de Santo Domingo",247
"4",2,4,1503,580,580,40.4161477,-3.7080145,"left","Calle del Humilladero","right","Plaza de Santo Domingo",248
"4",2,4,1503,580,580,40.4162121,-3.7080789,"left","Calle del Humilladero","right","Plaza de Santo Domingo",249
"4",2,4,1503,580,580,40.4164267,-3.7083685,"left","Calle del Humilladero","right","Plaza de Santo Domingo",250
"4",2,4,1503,580,580,40.4164803,-3.7084651,"left","Calle del Humilladero","right","Plaza de Santo Domingo",251
"4",2,4,1503,580,580,40.4165447,-3.7085295,"left","Calle del Humilladero","right","Plaza de Santo Domingo",252
"4",2,4,1503,580,580,40.4165983,-3.7085509,"left","Calle del Humilladero","right","Plaza de Santo Domingo",253
"4",2,4,1503,580,580,40.4166842,-3.7085402,"left","Calle del Humilladero","right","Plaza de Santo Domingo",254
"4",2,4,1503,580,580,40.4167485,-3.708508,"left","Calle del Humilladero","right","Plaza de Santo Domingo",255
"4",2,4,1503,580,580,40.4168236,-3.7084651,"left","Calle del Humilladero","right","Plaza de Santo Domingo",256
"4",2,4,1503,580,580,40.4175746,-3.707757,"left","Calle del Humilladero","right","Plaza de Santo Domingo",257
"4",2,4,1503,580,580,40.4180038,-3.7074029,"left","Calle del Humilladero","right","Plaza de Santo Domingo",258
"4",2,4,1503,580,580,40.4181218,-3.7072849,"left","Calle del Humilladero","right","Plaza de Santo Domingo",259
"4",2,4,1503,580,580,40.4181969,-3.7072957,"left","Calle del Humilladero","right","Plaza de Santo Domingo",260
"4",2,4,1503,580,580,40.4182613,-3.70736,"left","Calle del Humilladero","right","Plaza de Santo Domingo",261
"4",2,4,1503,580,580,40.4182398,-3.7075102,"left","Calle del Humilladero","right","Plaza de Santo Domingo",262
"4",2,4,1503,580,580,40.4183257,-3.7082076,"left","Calle del Humilladero","right","Plaza de Santo Domingo",263
"4",2,4,1503,580,580,40.4183471,-3.70839,"left","Calle del Humilladero","right","Plaza de Santo Domingo",264
"4",2,4,1503,580,580,40.4183578,-3.7084651,"left","Calle del Humilladero","right","Plaza de Santo Domingo",265
"4",2,4,1503,580,580,40.4188621,-3.7081969,"left","Calle del Humilladero","right","Plaza de Santo Domingo",266
"4",2,4,1503,580,580,40.4192054,-3.7081003,"left","Calle del Humilladero","right","Plaza de Santo Domingo",267
"4",2,4,1503,580,580,40.4198706,-3.7079394,"left","Calle del Humilladero","right","Plaza de Santo Domingo",268
"4",2,4,1503,580,580,40.4199672,-3.7080038,"left","Calle del Humilladero","right","Plaza de Santo Domingo",269
"4",2,4,1503,580,580,40.4202354,-3.7081647,"left","Calle del Humilladero","right","Plaza de Santo Domingo",270
"5",4,3,1284,573,573,40.4202354,-3.7081647,"left","Plaza de Santo Domingo","left","Plaza de la Cebada",271
"5",4,3,1284,573,573,40.4199672,-3.7080038,"left","Plaza de Santo Domingo","left","Plaza de la Cebada",272
"5",4,3,1284,573,573,40.4198706,-3.7079394,"left","Plaza de Santo Domingo","left","Plaza de la Cebada",273
"5",4,3,1284,573,573,40.4198277,-3.707875,"left","Plaza de Santo Domingo","left","Plaza de la Cebada",274
"5",4,3,1284,573,573,40.419817,-3.7077892,"left","Plaza de Santo Domingo","left","Plaza de la Cebada",275
"5",4,3,1284,573,573,40.4193234,-3.7074351,"left","Plaza de Santo Domingo","left","Plaza de la Cebada",276
"5",4,3,1284,573,573,40.4190981,-3.7073493,"left","Plaza de Santo Domingo","left","Plaza de la Cebada",277
"5",4,3,1284,573,573,40.418669,-3.7074351,"left","Plaza de Santo Domingo","left","Plaza de la Cebada",278
"5",4,3,1284,573,573,40.4186046,-3.7069952,"left","Plaza de Santo Domingo","left","Plaza de la Cebada",279
"5",4,3,1284,573,573,40.4185939,-3.7069845,"left","Plaza de Santo Domingo","left","Plaza de la Cebada",280
"5",4,3,1284,573,573,40.4185295,-3.7069523,"left","Plaza de Santo Domingo","left","Plaza de la Cebada",281
"5",4,3,1284,573,573,40.4184651,-3.7069738,"left","Plaza de Santo Domingo","left","Plaza de la Cebada",282
"5",4,3,1284,573,573,40.4183149,-3.7071776,"left","Plaza de Santo Domingo","left","Plaza de la Cebada",283
"5",4,3,1284,573,573,40.4182613,-3.70736,"left","Plaza de Santo Domingo","left","Plaza de la Cebada",284
"5",4,3,1284,573,573,40.4182398,-3.7075102,"left","Plaza de Santo Domingo","left","Plaza de la Cebada",285
"5",4,3,1284,573,573,40.4183257,-3.7082076,"left","Plaza de Santo Domingo","left","Plaza de la Cebada",286
"5",4,3,1284,573,573,40.4181969,-3.708272,"left","Plaza de Santo Domingo","left","Plaza de la Cebada",287
"5",4,3,1284,573,573,40.4177892,-3.7084758,"left","Plaza de Santo Domingo","left","Plaza de la Cebada",288
"5",4,3,1284,573,573,40.4178107,-3.7085724,"left","Plaza de Santo Domingo","left","Plaza de la Cebada",289
"5",4,3,1284,573,573,40.4170382,-3.7087226,"left","Plaza de Santo Domingo","left","Plaza de la Cebada",290
"5",4,3,1284,573,573,40.4168451,-3.7087119,"left","Plaza de Santo Domingo","left","Plaza de la Cebada",291
"5",4,3,1284,573,573,40.4167914,-3.7086904,"left","Plaza de Santo Domingo","left","Plaza de la Cebada",292
"5",4,3,1284,573,573,40.4167378,-3.7086368,"left","Plaza de Santo Domingo","left","Plaza de la Cebada",293
"5",4,3,1284,573,573,40.4165018,-3.7085938,"left","Plaza de Santo Domingo","left","Plaza de la Cebada",294
"5",4,3,1284,573,573,40.4164374,-3.7086046,"left","Plaza de Santo Domingo","left","Plaza de la Cebada",295
"5",4,3,1284,573,573,40.4163837,-3.7086368,"left","Plaza de Santo Domingo","left","Plaza de la Cebada",296
"5",4,3,1284,573,573,40.4163194,-3.7086582,"left","Plaza de Santo Domingo","left","Plaza de la Cebada",297
"5",4,3,1284,573,573,40.4159653,-3.7086689,"left","Plaza de Santo Domingo","left","Plaza de la Cebada",298
"5",4,3,1284,573,573,40.4159224,-3.7088513,"left","Plaza de Santo Domingo","left","Plaza de la Cebada",299
"5",4,3,1284,573,573,40.4158151,-3.7088299,"left","Plaza de Santo Domingo","left","Plaza de la Cebada",300
"5",4,3,1284,573,573,40.4155684,-3.7087762,"left","Plaza de Santo Domingo","left","Plaza de la Cebada",301
"5",4,3,1284,573,573,40.4154289,-3.7086689,"left","Plaza de Santo Domingo","left","Plaza de la Cebada",302
"5",4,3,1284,573,573,40.4153538,-3.7085187,"left","Plaza de Santo Domingo","left","Plaza de la Cebada",303
"5",4,3,1284,573,573,40.4153323,-3.7084758,"left","Plaza de Santo Domingo","left","Plaza de la Cebada",304
"5",4,3,1284,573,573,40.415225,-3.70839,"left","Plaza de Santo Domingo","left","Plaza de la Cebada",305
"5",4,3,1284,573,573,40.4147208,-3.7081647,"left","Plaza de Santo Domingo","left","Plaza de la Cebada",306
"5",4,3,1284,573,573,40.4145598,-3.7080252,"left","Plaza de Santo Domingo","left","Plaza de la Cebada",307
"5",4,3,1284,573,573,40.414474,-3.7080145,"left","Plaza de Santo Domingo","left","Plaza de la Cebada",308
"5",4,3,1284,573,573,40.4139054,-3.7081754,"left","Plaza de Santo Domingo","left","Plaza de la Cebada",309
"5",4,3,1284,573,573,40.413723,-3.7081969,"left","Plaza de Santo Domingo","left","Plaza de la Cebada",310
"5",4,3,1284,573,573,40.4136908,-3.7081432,"left","Plaza de Santo Domingo","left","Plaza de la Cebada",311
"5",4,3,1284,573,573,40.4135942,-3.7078428,"left","Plaza de Santo Domingo","left","Plaza de la Cebada",312
"5",4,3,1284,573,573,40.4135621,-3.707757,"left","Plaza de Santo Domingo","left","Plaza de la Cebada",313
"5",4,3,1284,573,573,40.4133475,-3.7074351,"left","Plaza de Santo Domingo","left","Plaza de la Cebada",314
"5",4,3,1284,573,573,40.4128218,-3.7075424,"left","Plaza de Santo Domingo","left","Plaza de la Cebada",315
"5",4,3,1284,573,573,40.4126287,-3.7075961,"left","Plaza de Santo Domingo","left","Plaza de la Cebada",316
"5",4,3,1284,573,573,40.4124677,-3.7076926,"left","Plaza de Santo Domingo","left","Plaza de la Cebada",317
"5",4,3,1284,573,573,40.4121351,-3.7078643,"left","Plaza de Santo Domingo","left","Plaza de la Cebada",318
"5",4,3,1284,573,573,40.4113197,-3.7083042,"left","Plaza de Santo Domingo","left","Plaza de la Cebada",319
"5",4,3,1284,573,573,40.4113305,-3.7084007,"left","Plaza de Santo Domingo","left","Plaza de la Cebada",320
"5",4,3,1284,573,573,40.411309,-3.7084436,"left","Plaza de Santo Domingo","left","Plaza de la Cebada",321
"5",4,3,1284,573,573,40.4112446,-3.7084866,"left","Plaza de Santo Domingo","left","Plaza de la Cebada",322
"5",4,3,1284,573,573,40.4112554,-3.7086153,"left","Plaza de Santo Domingo","left","Plaza de la Cebada",323
"6",3,4,1225,458,458,40.4112554,-3.7086153,"right","Plaza de la Cebada","right","Plaza de Santo Domingo",324
"6",3,4,1225,458,458,40.4112446,-3.7084866,"right","Plaza de la Cebada","right","Plaza de Santo Domingo",325
"6",3,4,1225,458,458,40.4111695,-3.7084651,"right","Plaza de la Cebada","right","Plaza de Santo Domingo",326
"6",3,4,1225,458,458,40.4111481,-3.7084329,"right","Plaza de la Cebada","right","Plaza de Santo Domingo",327
"6",3,4,1225,458,458,40.4111481,-3.7083364,"right","Plaza de la Cebada","right","Plaza de Santo Domingo",328
"6",3,4,1225,458,458,40.4111803,-3.708272,"right","Plaza de la Cebada","right","Plaza de Santo Domingo",329
"6",3,4,1225,458,458,40.4112446,-3.7082398,"right","Plaza de la Cebada","right","Plaza de Santo Domingo",330
"6",3,4,1225,458,458,40.4112875,-3.7082613,"right","Plaza de la Cebada","right","Plaza de Santo Domingo",331
"6",3,4,1225,458,458,40.4113197,-3.7083042,"right","Plaza de la Cebada","right","Plaza de Santo Domingo",332
"6",3,4,1225,458,458,40.4121351,-3.7078643,"right","Plaza de la Cebada","right","Plaza de Santo Domingo",333
"6",3,4,1225,458,458,40.4124677,-3.7076926,"right","Plaza de la Cebada","right","Plaza de Santo Domingo",334
"6",3,4,1225,458,458,40.4126287,-3.7075961,"right","Plaza de la Cebada","right","Plaza de Santo Domingo",335
"6",3,4,1225,458,458,40.4128218,-3.7075424,"right","Plaza de la Cebada","right","Plaza de Santo Domingo",336
"6",3,4,1225,458,458,40.4133475,-3.7074351,"right","Plaza de la Cebada","right","Plaza de Santo Domingo",337
"6",3,4,1225,458,458,40.413605,-3.7074459,"right","Plaza de la Cebada","right","Plaza de Santo Domingo",338
"6",3,4,1225,458,458,40.4136908,-3.7074566,"right","Plaza de la Cebada","right","Plaza de Santo Domingo",339
"6",3,4,1225,458,458,40.4139376,-3.7074673,"right","Plaza de la Cebada","right","Plaza de Santo Domingo",340
"6",3,4,1225,458,458,40.414077,-3.7074888,"right","Plaza de la Cebada","right","Plaza de Santo Domingo",341
"6",3,4,1225,458,458,40.4143131,-3.707478,"right","Plaza de la Cebada","right","Plaza de Santo Domingo",342
"6",3,4,1225,458,458,40.4143667,-3.7074566,"right","Plaza de la Cebada","right","Plaza de Santo Domingo",343
"6",3,4,1225,458,458,40.4146886,-3.7074995,"right","Plaza de la Cebada","right","Plaza de Santo Domingo",344
"6",3,4,1225,458,458,40.4147851,-3.7075317,"right","Plaza de la Cebada","right","Plaza de Santo Domingo",345
"6",3,4,1225,458,458,40.4150319,-3.7075853,"right","Plaza de la Cebada","right","Plaza de Santo Domingo",346
"6",3,4,1225,458,458,40.4153967,-3.7077248,"right","Plaza de la Cebada","right","Plaza de Santo Domingo",347
"6",3,4,1225,458,458,40.4155576,-3.7078536,"right","Plaza de la Cebada","right","Plaza de Santo Domingo",348
"6",3,4,1225,458,458,40.4157722,-3.7079287,"right","Plaza de la Cebada","right","Plaza de Santo Domingo",349
"6",3,4,1225,458,458,40.4158473,-3.7079823,"right","Plaza de la Cebada","right","Plaza de Santo Domingo",350
"6",3,4,1225,458,458,40.4161477,-3.7080145,"right","Plaza de la Cebada","right","Plaza de Santo Domingo",351
"6",3,4,1225,458,458,40.4162121,-3.7080789,"right","Plaza de la Cebada","right","Plaza de Santo Domingo",352
"6",3,4,1225,458,458,40.4164267,-3.7083685,"right","Plaza de la Cebada","right","Plaza de Santo Domingo",353
"6",3,4,1225,458,458,40.4164803,-3.7084651,"right","Plaza de la Cebada","right","Plaza de Santo Domingo",354
"6",3,4,1225,458,458,40.4165447,-3.7085295,"right","Plaza de la Cebada","right","Plaza de Santo Domingo",355
"6",3,4,1225,458,458,40.4165983,-3.7085509,"right","Plaza de la Cebada","right","Plaza de Santo Domingo",356
"6",3,4,1225,458,458,40.4166842,-3.7085402,"right","Plaza de la Cebada","right","Plaza de Santo Domingo",357
"6",3,4,1225,458,458,40.4167485,-3.708508,"right","Plaza de la Cebada","right","Plaza de Santo Domingo",358
"6",3,4,1225,458,458,40.4168236,-3.7084651,"right","Plaza de la Cebada","right","Plaza de Santo Domingo",359
"6",3,4,1225,458,458,40.4175746,-3.707757,"right","Plaza de la Cebada","right","Plaza de Santo Domingo",360
"6",3,4,1225,458,458,40.4180038,-3.7074029,"right","Plaza de la Cebada","right","Plaza de Santo Domingo",361
"6",3,4,1225,458,458,40.4181218,-3.7072849,"right","Plaza de la Cebada","right","Plaza de Santo Domingo",362
"6",3,4,1225,458,458,40.4181969,-3.7072957,"right","Plaza de la Cebada","right","Plaza de Santo Domingo",363
"6",3,4,1225,458,458,40.4182613,-3.70736,"right","Plaza de la Cebada","right","Plaza de Santo Domingo",364
"6",3,4,1225,458,458,40.4182398,-3.7075102,"right","Plaza de la Cebada","right","Plaza de Santo Domingo",365
"6",3,4,1225,458,458,40.4183257,-3.7082076,"right","Plaza de la Cebada","right","Plaza de Santo Domingo",366
"6",3,4,1225,458,458,40.4183471,-3.70839,"right","Plaza de la Cebada","right","Plaza de Santo Domingo",367
"6",3,4,1225,458,458,40.4183578,-3.7084651,"right","Plaza de la Cebada","right","Plaza de Santo Domingo",368
"6",3,4,1225,458,458,40.4188621,-3.7081969,"right","Plaza de la Cebada","right","Plaza de Santo Domingo",369
"6",3,4,1225,458,458,40.4192054,-3.7081003,"right","Plaza de la Cebada","right","Plaza de Santo Domingo",370
"6",3,4,1225,458,458,40.4198706,-3.7079394,"right","Plaza de la Cebada","right","Plaza de Santo Domingo",371
"6",3,4,1225,458,458,40.4199672,-3.7080038,"right","Plaza de la Cebada","right","Plaza de Santo Domingo",372
"6",3,4,1225,458,458,40.4202354,-3.7081647,"right","Plaza de la Cebada","right","Plaza de Santo Domingo",373
"7",4,1,1147,523,523,40.4202354,-3.7081647,"left","Plaza de Santo Domingo","right","Calle de Toledo",374
"7",4,1,1147,523,523,40.4199672,-3.7080038,"left","Plaza de Santo Domingo","right","Calle de Toledo",375
"7",4,1,1147,523,523,40.4198706,-3.7079394,"left","Plaza de Santo Domingo","right","Calle de Toledo",376
"7",4,1,1147,523,523,40.4198277,-3.707875,"left","Plaza de Santo Domingo","right","Calle de Toledo",377
"7",4,1,1147,523,523,40.419817,-3.7077892,"left","Plaza de Santo Domingo","right","Calle de Toledo",378
"7",4,1,1147,523,523,40.4193234,-3.7074351,"left","Plaza de Santo Domingo","right","Calle de Toledo",379
"7",4,1,1147,523,523,40.4190981,-3.7073493,"left","Plaza de Santo Domingo","right","Calle de Toledo",380
"7",4,1,1147,523,523,40.418669,-3.7074351,"left","Plaza de Santo Domingo","right","Calle de Toledo",381
"7",4,1,1147,523,523,40.4186046,-3.7069952,"left","Plaza de Santo Domingo","right","Calle de Toledo",382
"7",4,1,1147,523,523,40.4185939,-3.7069845,"left","Plaza de Santo Domingo","right","Calle de Toledo",383
"7",4,1,1147,523,523,40.4185295,-3.7069523,"left","Plaza de Santo Domingo","right","Calle de Toledo",384
"7",4,1,1147,523,523,40.4184651,-3.7069738,"left","Plaza de Santo Domingo","right","Calle de Toledo",385
"7",4,1,1147,523,523,40.4183149,-3.7071776,"left","Plaza de Santo Domingo","right","Calle de Toledo",386
"7",4,1,1147,523,523,40.4182613,-3.70736,"left","Plaza de Santo Domingo","right","Calle de Toledo",387
"7",4,1,1147,523,523,40.4182398,-3.7075102,"left","Plaza de Santo Domingo","right","Calle de Toledo",388
"7",4,1,1147,523,523,40.4183257,-3.7082076,"left","Plaza de Santo Domingo","right","Calle de Toledo",389
"7",4,1,1147,523,523,40.4181969,-3.708272,"left","Plaza de Santo Domingo","right","Calle de Toledo",390
"7",4,1,1147,523,523,40.4177892,-3.7084758,"left","Plaza de Santo Domingo","right","Calle de Toledo",391
"7",4,1,1147,523,523,40.4178107,-3.7085724,"left","Plaza de Santo Domingo","right","Calle de Toledo",392
"7",4,1,1147,523,523,40.4170382,-3.7087226,"left","Plaza de Santo Domingo","right","Calle de Toledo",393
"7",4,1,1147,523,523,40.4168451,-3.7087119,"left","Plaza de Santo Domingo","right","Calle de Toledo",394
"7",4,1,1147,523,523,40.4167914,-3.7086904,"left","Plaza de Santo Domingo","right","Calle de Toledo",395
"7",4,1,1147,523,523,40.4167378,-3.7086368,"left","Plaza de Santo Domingo","right","Calle de Toledo",396
"7",4,1,1147,523,523,40.4165018,-3.7085938,"left","Plaza de Santo Domingo","right","Calle de Toledo",397
"7",4,1,1147,523,523,40.4164374,-3.7086046,"left","Plaza de Santo Domingo","right","Calle de Toledo",398
"7",4,1,1147,523,523,40.4163837,-3.7086368,"left","Plaza de Santo Domingo","right","Calle de Toledo",399
"7",4,1,1147,523,523,40.4163194,-3.7086582,"left","Plaza de Santo Domingo","right","Calle de Toledo",400
"7",4,1,1147,523,523,40.4159653,-3.7086689,"left","Plaza de Santo Domingo","right","Calle de Toledo",401
"7",4,1,1147,523,523,40.4159224,-3.7088513,"left","Plaza de Santo Domingo","right","Calle de Toledo",402
"7",4,1,1147,523,523,40.4158151,-3.7088299,"left","Plaza de Santo Domingo","right","Calle de Toledo",403
"7",4,1,1147,523,523,40.4155684,-3.7087762,"left","Plaza de Santo Domingo","right","Calle de Toledo",404
"7",4,1,1147,523,523,40.4154289,-3.7086689,"left","Plaza de Santo Domingo","right","Calle de Toledo",405
"7",4,1,1147,523,523,40.4153538,-3.7085187,"left","Plaza de Santo Domingo","right","Calle de Toledo",406
"7",4,1,1147,523,523,40.4153323,-3.7084758,"left","Plaza de Santo Domingo","right","Calle de Toledo",407
"7",4,1,1147,523,523,40.415225,-3.70839,"left","Plaza de Santo Domingo","right","Calle de Toledo",408
"7",4,1,1147,523,523,40.4147208,-3.7081647,"left","Plaza de Santo Domingo","right","Calle de Toledo",409
"7",4,1,1147,523,523,40.4145598,-3.7080252,"left","Plaza de Santo Domingo","right","Calle de Toledo",410
"7",4,1,1147,523,523,40.414474,-3.7080145,"left","Plaza de Santo Domingo","right","Calle de Toledo",411
"7",4,1,1147,523,523,40.4139054,-3.7081754,"left","Plaza de Santo Domingo","right","Calle de Toledo",412
"7",4,1,1147,523,523,40.413723,-3.7081969,"left","Plaza de Santo Domingo","right","Calle de Toledo",413
"7",4,1,1147,523,523,40.4136908,-3.7081432,"left","Plaza de Santo Domingo","right","Calle de Toledo",414
"7",4,1,1147,523,523,40.4135942,-3.7078428,"left","Plaza de Santo Domingo","right","Calle de Toledo",415
"7",4,1,1147,523,523,40.4135621,-3.707757,"left","Plaza de Santo Domingo","right","Calle de Toledo",416
"7",4,1,1147,523,523,40.4133475,-3.7074351,"left","Plaza de Santo Domingo","right","Calle de Toledo",417
"7",4,1,1147,523,523,40.4128218,-3.7075424,"left","Plaza de Santo Domingo","right","Calle de Toledo",418
"7",4,1,1147,523,523,40.4126287,-3.7075961,"left","Plaza de Santo Domingo","right","Calle de Toledo",419
"7",4,1,1147,523,523,40.4124677,-3.7076926,"left","Plaza de Santo Domingo","right","Calle de Toledo",420
"7",4,1,1147,523,523,40.4121351,-3.7078643,"left","Plaza de Santo Domingo","right","Calle de Toledo",421
"8",1,4,1063,390,390,40.4121351,-3.7078643,"left","Calle de Toledo","right","Plaza de Santo Domingo",422
"8",1,4,1063,390,390,40.4124677,-3.7076926,"left","Calle de Toledo","right","Plaza de Santo Domingo",423
"8",1,4,1063,390,390,40.4126287,-3.7075961,"left","Calle de Toledo","right","Plaza de Santo Domingo",424
"8",1,4,1063,390,390,40.4128218,-3.7075424,"left","Calle de Toledo","right","Plaza de Santo Domingo",425
"8",1,4,1063,390,390,40.4133475,-3.7074351,"left","Calle de Toledo","right","Plaza de Santo Domingo",426
"8",1,4,1063,390,390,40.413605,-3.7074459,"left","Calle de Toledo","right","Plaza de Santo Domingo",427
"8",1,4,1063,390,390,40.4136908,-3.7074566,"left","Calle de Toledo","right","Plaza de Santo Domingo",428
"8",1,4,1063,390,390,40.4139376,-3.7074673,"left","Calle de Toledo","right","Plaza de Santo Domingo",429
"8",1,4,1063,390,390,40.414077,-3.7074888,"left","Calle de Toledo","right","Plaza de Santo Domingo",430
"8",1,4,1063,390,390,40.4143131,-3.707478,"left","Calle de Toledo","right","Plaza de Santo Domingo",431
"8",1,4,1063,390,390,40.4143667,-3.7074566,"left","Calle de Toledo","right","Plaza de Santo Domingo",432
"8",1,4,1063,390,390,40.4146886,-3.7074995,"left","Calle de Toledo","right","Plaza de Santo Domingo",433
"8",1,4,1063,390,390,40.4147851,-3.7075317,"left","Calle de Toledo","right","Plaza de Santo Domingo",434
"8",1,4,1063,390,390,40.4150319,-3.7075853,"left","Calle de Toledo","right","Plaza de Santo Domingo",435
"8",1,4,1063,390,390,40.4153967,-3.7077248,"left","Calle de Toledo","right","Plaza de Santo Domingo",436
"8",1,4,1063,390,390,40.4155576,-3.7078536,"left","Calle de Toledo","right","Plaza de Santo Domingo",437
"8",1,4,1063,390,390,40.4157722,-3.7079287,"left","Calle de Toledo","right","Plaza de Santo Domingo",438
"8",1,4,1063,390,390,40.4158473,-3.7079823,"left","Calle de Toledo","right","Plaza de Santo Domingo",439
"8",1,4,1063,390,390,40.4161477,-3.7080145,"left","Calle de Toledo","right","Plaza de Santo Domingo",440
"8",1,4,1063,390,390,40.4162121,-3.7080789,"left","Calle de Toledo","right","Plaza de Santo Domingo",441
"8",1,4,1063,390,390,40.4164267,-3.7083685,"left","Calle de Toledo","right","Plaza de Santo Domingo",442
"8",1,4,1063,390,390,40.4164803,-3.7084651,"left","Calle de Toledo","right","Plaza de Santo Domingo",443
"8",1,4,1063,390,390,40.4165447,-3.7085295,"left","Calle de Toledo","right","Plaza de Santo Domingo",444
"8",1,4,1063,390,390,40.4165983,-3.7085509,"left","Calle de Toledo","right","Plaza de Santo Domingo",445
"8",1,4,1063,390,390,40.4166842,-3.7085402,"left","Calle de Toledo","right","Plaza de Santo Domingo",446
"8",1,4,1063,390,390,40.4167485,-3.708508,"left","Calle de Toledo","right","Plaza de Santo Domingo",447
"8",1,4,1063,390,390,40.4168236,-3.7084651,"left","Calle de Toledo","right","Plaza de Santo Domingo",448
"8",1,4,1063,390,390,40.4175746,-3.707757,"left","Calle de Toledo","right","Plaza de Santo Domingo",449
"8",1,4,1063,390,390,40.4180038,-3.7074029,"left","Calle de Toledo","right","Plaza de Santo Domingo",450
"8",1,4,1063,390,390,40.4181218,-3.7072849,"left","Calle de Toledo","right","Plaza de Santo Domingo",451
"8",1,4,1063,390,390,40.4181969,-3.7072957,"left","Calle de Toledo","right","Plaza de Santo Domingo",452
"8",1,4,1063,390,390,40.4182613,-3.70736,"left","Calle de Toledo","right","Plaza de Santo Domingo",453
"8",1,4,1063,390,390,40.4182398,-3.7075102,"left","Calle de Toledo","right","Plaza de Santo Domingo",454
"8",1,4,1063,390,390,40.4183257,-3.7082076,"left","Calle de Toledo","right","Plaza de Santo Domingo",455
"8",1,4,1063,390,390,40.4183471,-3.70839,"left","Calle de Toledo","right","Plaza de Santo Domingo",456
"8",1,4,1063,390,390,40.4183578,-3.7084651,"left","Calle de Toledo","right","Plaza de Santo Domingo",457
"8",1,4,1063,390,390,40.4188621,-3.7081969,"left","Calle de Toledo","right","Plaza de Santo Domingo",458
"8",1,4,1063,390,390,40.4192054,-3.7081003,"left","Calle de Toledo","right","Plaza de Santo Domingo",459
"8",1,4,1063,390,390,40.4198706,-3.7079394,"left","Calle de Toledo","right","Plaza de Santo Domingo",460
"8",1,4,1063,390,390,40.4199672,-3.7080038,"left","Calle de Toledo","right","Plaza de Santo Domingo",461
"8",1,4,1063,390,390,40.4202354,-3.7081647,"left","Calle de Toledo","right","Plaza de Santo Domingo",462
"9",5,1,1205,467,467,40.4097449,-3.7138335,"left","Calle del Rosario","left","Calle de Toledo",463
"9",5,1,1205,467,467,40.4096246,-3.7141299,"left","Calle del Rosario","left","Calle de Toledo",464
"9",5,1,1205,467,467,40.4094422,-3.7146664,"left","Calle del Rosario","left","Calle de Toledo",465
"9",5,1,1205,467,467,40.4093778,-3.714838,"left","Calle del Rosario","left","Calle de Toledo",466
"9",5,1,1205,467,467,40.4091632,-3.7153959,"left","Calle del Rosario","left","Calle de Toledo",467
"9",5,1,1205,467,467,40.4091203,-3.7154925,"left","Calle del Rosario","left","Calle de Toledo",468
"9",5,1,1205,467,467,40.4090345,-3.7157393,"left","Calle del Rosario","left","Calle de Toledo",469
"9",5,1,1205,467,467,40.4089916,-3.7157822,"left","Calle del Rosario","left","Calle de Toledo",470
"9",5,1,1205,467,467,40.4089379,-3.7157822,"left","Calle del Rosario","left","Calle de Toledo",471
"9",5,1,1205,467,467,40.4088521,-3.71575,"left","Calle del Rosario","left","Calle de Toledo",472
"9",5,1,1205,467,467,40.4085946,-3.7153637,"left","Calle del Rosario","left","Calle de Toledo",473
"9",5,1,1205,467,467,40.4085624,-3.7152779,"left","Calle del Rosario","left","Calle de Toledo",474
"9",5,1,1205,467,467,40.4087234,-3.7149239,"left","Calle del Rosario","left","Calle de Toledo",475
"9",5,1,1205,467,467,40.4093349,-3.7134647,"left","Calle del Rosario","left","Calle de Toledo",476
"9",5,1,1205,467,467,40.4095924,-3.7135935,"left","Calle del Rosario","left","Calle de Toledo",477
"9",5,1,1205,467,467,40.409807,-3.7137008,"left","Calle del Rosario","left","Calle de Toledo",478
"9",5,1,1205,467,467,40.4099786,-3.7137973,"left","Calle del Rosario","left","Calle de Toledo",479
"9",5,1,1205,467,467,40.4100966,-3.7138617,"left","Calle del Rosario","left","Calle de Toledo",480
"9",5,1,1205,467,467,40.4101932,-3.7138939,"left","Calle del Rosario","left","Calle de Toledo",481
"9",5,1,1205,467,467,40.4103112,-3.7138939,"left","Calle del Rosario","left","Calle de Toledo",482
"9",5,1,1205,467,467,40.4103541,-3.7138402,"left","Calle del Rosario","left","Calle de Toledo",483
"9",5,1,1205,467,467,40.4104185,-3.7138081,"left","Calle del Rosario","left","Calle de Toledo",484
"9",5,1,1205,467,467,40.4105258,-3.7138188,"left","Calle del Rosario","left","Calle de Toledo",485
"9",5,1,1205,467,467,40.410558,-3.7137866,"left","Calle del Rosario","left","Calle de Toledo",486
"9",5,1,1205,467,467,40.4105902,-3.7137651,"left","Calle del Rosario","left","Calle de Toledo",487
"9",5,1,1205,467,467,40.4106224,-3.7137651,"left","Calle del Rosario","left","Calle de Toledo",488
"9",5,1,1205,467,467,40.4106545,-3.7137759,"left","Calle del Rosario","left","Calle de Toledo",489
"9",5,1,1205,467,467,40.4107189,-3.7135613,"left","Calle del Rosario","left","Calle de Toledo",490
"9",5,1,1205,467,467,40.4108369,-3.7131536,"left","Calle del Rosario","left","Calle de Toledo",491
"9",5,1,1205,467,467,40.411073,-3.7124348,"left","Calle del Rosario","left","Calle de Toledo",492
"9",5,1,1205,467,467,40.4112017,-3.7119091,"left","Calle del Rosario","left","Calle de Toledo",493
"9",5,1,1205,467,467,40.4113948,-3.711319,"left","Calle del Rosario","left","Calle de Toledo",494
"9",5,1,1205,467,467,40.4114056,-3.7112439,"left","Calle del Rosario","left","Calle de Toledo",495
"9",5,1,1205,467,467,40.4114485,-3.7110615,"left","Calle del Rosario","left","Calle de Toledo",496
"9",5,1,1205,467,467,40.4115021,-3.710568,"left","Calle del Rosario","left","Calle de Toledo",497
"9",5,1,1205,467,467,40.411427,-3.7101173,"left","Calle del Rosario","left","Calle de Toledo",498
"9",5,1,1205,467,467,40.4112446,-3.7084866,"left","Calle del Rosario","left","Calle de Toledo",499
"9",5,1,1205,467,467,40.4111695,-3.7084651,"left","Calle del Rosario","left","Calle de Toledo",500
"9",5,1,1205,467,467,40.4111481,-3.7084329,"left","Calle del Rosario","left","Calle de Toledo",501
"9",5,1,1205,467,467,40.4111481,-3.7083364,"left","Calle del Rosario","left","Calle de Toledo",502
"9",5,1,1205,467,467,40.4111803,-3.708272,"left","Calle del Rosario","left","Calle de Toledo",503
"9",5,1,1205,467,467,40.4112446,-3.7082398,"left","Calle del Rosario","left","Calle de Toledo",504
"9",5,1,1205,467,467,40.4112875,-3.7082613,"left","Calle del Rosario","left","Calle de Toledo",505
"9",5,1,1205,467,467,40.4113197,-3.7083042,"left","Calle del Rosario","left","Calle de Toledo",506
"9",5,1,1205,467,467,40.4121351,-3.7078643,"left","Calle del Rosario","left","Calle de Toledo",507
"10",1,5,730,267,267,40.4121351,-3.7078643,"right","Calle de Toledo","left","Calle del Rosario",508
"10",1,5,730,267,267,40.4113197,-3.7083042,"right","Calle de Toledo","left","Calle del Rosario",509
"10",1,5,730,267,267,40.4113305,-3.7084007,"right","Calle de Toledo","left","Calle del Rosario",510
"10",1,5,730,267,267,40.411309,-3.7084436,"right","Calle de Toledo","left","Calle del Rosario",511
"10",1,5,730,267,267,40.4112446,-3.7084866,"right","Calle de Toledo","left","Calle del Rosario",512
"10",1,5,730,267,267,40.411427,-3.7101173,"right","Calle de Toledo","left","Calle del Rosario",513
"10",1,5,730,267,267,40.4115021,-3.710568,"right","Calle de Toledo","left","Calle del Rosario",514
"10",1,5,730,267,267,40.4114485,-3.7110615,"right","Calle de Toledo","left","Calle del Rosario",515
"10",1,5,730,267,267,40.4114056,-3.7112439,"right","Calle de Toledo","left","Calle del Rosario",516
"10",1,5,730,267,267,40.4113948,-3.711319,"right","Calle de Toledo","left","Calle del Rosario",517
"10",1,5,730,267,267,40.4112017,-3.7119091,"right","Calle de Toledo","left","Calle del Rosario",518
"10",1,5,730,267,267,40.411073,-3.7124348,"right","Calle de Toledo","left","Calle del Rosario",519
"10",1,5,730,267,267,40.4108369,-3.7131536,"right","Calle de Toledo","left","Calle del Rosario",520
"10",1,5,730,267,267,40.4107189,-3.7135613,"right","Calle de Toledo","left","Calle del Rosario",521
"10",1,5,730,267,267,40.4106545,-3.7137759,"right","Calle de Toledo","left","Calle del Rosario",522
"10",1,5,730,267,267,40.4106867,-3.7138188,"right","Calle de Toledo","left","Calle del Rosario",523
"10",1,5,730,267,267,40.4106975,-3.713851,"right","Calle de Toledo","left","Calle del Rosario",524
"10",1,5,730,267,267,40.4106867,-3.7139475,"right","Calle de Toledo","left","Calle del Rosario",525
"10",1,5,730,267,267,40.4106653,-3.7139797,"right","Calle de Toledo","left","Calle del Rosario",526
"10",1,5,730,267,267,40.4105902,-3.7139904,"right","Calle de Toledo","left","Calle del Rosario",527
"10",1,5,730,267,267,40.4105258,-3.7139475,"right","Calle de Toledo","left","Calle del Rosario",528
"10",1,5,730,267,267,40.4104829,-3.7139583,"right","Calle de Toledo","left","Calle del Rosario",529
"10",1,5,730,267,267,40.4104185,-3.7139475,"right","Calle de Toledo","left","Calle del Rosario",530
"10",1,5,730,267,267,40.4103112,-3.7138939,"right","Calle de Toledo","left","Calle del Rosario",531
"10",1,5,730,267,267,40.4101932,-3.7138939,"right","Calle de Toledo","left","Calle del Rosario",532
"10",1,5,730,267,267,40.4100966,-3.7138617,"right","Calle de Toledo","left","Calle del Rosario",533
"10",1,5,730,267,267,40.4099786,-3.7137973,"right","Calle de Toledo","left","Calle del Rosario",534
"10",1,5,730,267,267,40.409807,-3.7137008,"right","Calle de Toledo","left","Calle del Rosario",535
"10",1,5,730,267,267,40.4097641,-3.7137866,"right","Calle de Toledo","left","Calle del Rosario",536
"10",1,5,730,267,267,40.4097449,-3.7138335,"right","Calle de Toledo","left","Calle del Rosario",537
"11",5,3,1059,405,405,40.4097449,-3.7138335,"left","Calle del Rosario","right","Plaza de la Cebada",538
"11",5,3,1059,405,405,40.4096246,-3.7141299,"left","Calle del Rosario","right","Plaza de la Cebada",539
"11",5,3,1059,405,405,40.4094422,-3.7146664,"left","Calle del Rosario","right","Plaza de la Cebada",540
"11",5,3,1059,405,405,40.4093778,-3.714838,"left","Calle del Rosario","right","Plaza de la Cebada",541
"11",5,3,1059,405,405,40.4091632,-3.7153959,"left","Calle del Rosario","right","Plaza de la Cebada",542
"11",5,3,1059,405,405,40.4091203,-3.7154925,"left","Calle del Rosario","right","Plaza de la Cebada",543
"11",5,3,1059,405,405,40.4090345,-3.7157393,"left","Calle del Rosario","right","Plaza de la Cebada",544
"11",5,3,1059,405,405,40.4089916,-3.7157822,"left","Calle del Rosario","right","Plaza de la Cebada",545
"11",5,3,1059,405,405,40.4089379,-3.7157822,"left","Calle del Rosario","right","Plaza de la Cebada",546
"11",5,3,1059,405,405,40.4088521,-3.71575,"left","Calle del Rosario","right","Plaza de la Cebada",547
"11",5,3,1059,405,405,40.4085946,-3.7153637,"left","Calle del Rosario","right","Plaza de la Cebada",548
"11",5,3,1059,405,405,40.4085624,-3.7152779,"left","Calle del Rosario","right","Plaza de la Cebada",549
"11",5,3,1059,405,405,40.4087234,-3.7149239,"left","Calle del Rosario","right","Plaza de la Cebada",550
"11",5,3,1059,405,405,40.4093349,-3.7134647,"left","Calle del Rosario","right","Plaza de la Cebada",551
"11",5,3,1059,405,405,40.4095924,-3.7135935,"left","Calle del Rosario","right","Plaza de la Cebada",552
"11",5,3,1059,405,405,40.409807,-3.7137008,"left","Calle del Rosario","right","Plaza de la Cebada",553
"11",5,3,1059,405,405,40.4099786,-3.7137973,"left","Calle del Rosario","right","Plaza de la Cebada",554
"11",5,3,1059,405,405,40.4100966,-3.7138617,"left","Calle del Rosario","right","Plaza de la Cebada",555
"11",5,3,1059,405,405,40.4101932,-3.7138939,"left","Calle del Rosario","right","Plaza de la Cebada",556
"11",5,3,1059,405,405,40.4103112,-3.7138939,"left","Calle del Rosario","right","Plaza de la Cebada",557
"11",5,3,1059,405,405,40.4103541,-3.7138402,"left","Calle del Rosario","right","Plaza de la Cebada",558
"11",5,3,1059,405,405,40.4104185,-3.7138081,"left","Calle del Rosario","right","Plaza de la Cebada",559
"11",5,3,1059,405,405,40.4105258,-3.7138188,"left","Calle del Rosario","right","Plaza de la Cebada",560
"11",5,3,1059,405,405,40.410558,-3.7137866,"left","Calle del Rosario","right","Plaza de la Cebada",561
"11",5,3,1059,405,405,40.4105902,-3.7137651,"left","Calle del Rosario","right","Plaza de la Cebada",562
"11",5,3,1059,405,405,40.4106224,-3.7137651,"left","Calle del Rosario","right","Plaza de la Cebada",563
"11",5,3,1059,405,405,40.4106545,-3.7137759,"left","Calle del Rosario","right","Plaza de la Cebada",564
"11",5,3,1059,405,405,40.4107189,-3.7135613,"left","Calle del Rosario","right","Plaza de la Cebada",565
"11",5,3,1059,405,405,40.4108369,-3.7131536,"left","Calle del Rosario","right","Plaza de la Cebada",566
"11",5,3,1059,405,405,40.411073,-3.7124348,"left","Calle del Rosario","right","Plaza de la Cebada",567
"11",5,3,1059,405,405,40.4112017,-3.7119091,"left","Calle del Rosario","right","Plaza de la Cebada",568
"11",5,3,1059,405,405,40.4113948,-3.711319,"left","Calle del Rosario","right","Plaza de la Cebada",569
"11",5,3,1059,405,405,40.4114056,-3.7112439,"left","Calle del Rosario","right","Plaza de la Cebada",570
"11",5,3,1059,405,405,40.4114485,-3.7110615,"left","Calle del Rosario","right","Plaza de la Cebada",571
"11",5,3,1059,405,405,40.4115021,-3.710568,"left","Calle del Rosario","right","Plaza de la Cebada",572
"11",5,3,1059,405,405,40.411427,-3.7101173,"left","Calle del Rosario","right","Plaza de la Cebada",573
"11",5,3,1059,405,405,40.4112554,-3.7086153,"left","Calle del Rosario","right","Plaza de la Cebada",574
"12",3,5,609,223,223,40.4112554,-3.7086153,"left","Plaza de la Cebada","left","Calle del Rosario",575
"12",3,5,609,223,223,40.411427,-3.7101173,"left","Plaza de la Cebada","left","Calle del Rosario",576
"12",3,5,609,223,223,40.4115021,-3.710568,"left","Plaza de la Cebada","left","Calle del Rosario",577
"12",3,5,609,223,223,40.4114485,-3.7110615,"left","Plaza de la Cebada","left","Calle del Rosario",578
"12",3,5,609,223,223,40.4114056,-3.7112439,"left","Plaza de la Cebada","left","Calle del Rosario",579
"12",3,5,609,223,223,40.4113948,-3.711319,"left","Plaza de la Cebada","left","Calle del Rosario",580
"12",3,5,609,223,223,40.4112017,-3.7119091,"left","Plaza de la Cebada","left","Calle del Rosario",581
"12",3,5,609,223,223,40.411073,-3.7124348,"left","Plaza de la Cebada","left","Calle del Rosario",582
"12",3,5,609,223,223,40.4108369,-3.7131536,"left","Plaza de la Cebada","left","Calle del Rosario",583
"12",3,5,609,223,223,40.4107189,-3.7135613,"left","Plaza de la Cebada","left","Calle del Rosario",584
"12",3,5,609,223,223,40.4106545,-3.7137759,"left","Plaza de la Cebada","left","Calle del Rosario",585
"12",3,5,609,223,223,40.4106867,-3.7138188,"left","Plaza de la Cebada","left","Calle del Rosario",586
"12",3,5,609,223,223,40.4106975,-3.713851,"left","Plaza de la Cebada","left","Calle del Rosario",587
"12",3,5,609,223,223,40.4106867,-3.7139475,"left","Plaza de la Cebada","left","Calle del Rosario",588
"12",3,5,609,223,223,40.4106653,-3.7139797,"left","Plaza de la Cebada","left","Calle del Rosario",589
"12",3,5,609,223,223,40.4105902,-3.7139904,"left","Plaza de la Cebada","left","Calle del Rosario",590
"12",3,5,609,223,223,40.4105258,-3.7139475,"left","Plaza de la Cebada","left","Calle del Rosario",591
"12",3,5,609,223,223,40.4104829,-3.7139583,"left","Plaza de la Cebada","left","Calle del Rosario",592
"12",3,5,609,223,223,40.4104185,-3.7139475,"left","Plaza de la Cebada","left","Calle del Rosario",593
"12",3,5,609,223,223,40.4103112,-3.7138939,"left","Plaza de la Cebada","left","Calle del Rosario",594
"12",3,5,609,223,223,40.4101932,-3.7138939,"left","Plaza de la Cebada","left","Calle del Rosario",595
"12",3,5,609,223,223,40.4100966,-3.7138617,"left","Plaza de la Cebada","left","Calle del Rosario",596
"12",3,5,609,223,223,40.4099786,-3.7137973,"left","Plaza de la Cebada","left","Calle del Rosario",597
"12",3,5,609,223,223,40.409807,-3.7137008,"left","Plaza de la Cebada","left","Calle del Rosario",598
"12",3,5,609,223,223,40.4097641,-3.7137866,"left","Plaza de la Cebada","left","Calle del Rosario",599
"12",3,5,609,223,223,40.4097449,-3.7138335,"left","Plaza de la Cebada","left","Calle del Rosario",600
"13",5,2,997,436,436,40.4097449,-3.7138335,"left","Calle del Rosario","left","Calle del Humilladero",601
"13",5,2,997,436,436,40.4096246,-3.7141299,"left","Calle del Rosario","left","Calle del Humilladero",602
"13",5,2,997,436,436,40.4094422,-3.7146664,"left","Calle del Rosario","left","Calle del Humilladero",603
"13",5,2,997,436,436,40.4093778,-3.714838,"left","Calle del Rosario","left","Calle del Humilladero",604
"13",5,2,997,436,436,40.4091632,-3.7153959,"left","Calle del Rosario","left","Calle del Humilladero",605
"13",5,2,997,436,436,40.4091203,-3.7154925,"left","Calle del Rosario","left","Calle del Humilladero",606
"13",5,2,997,436,436,40.4090345,-3.7157393,"left","Calle del Rosario","left","Calle del Humilladero",607
"13",5,2,997,436,436,40.4089916,-3.7157822,"left","Calle del Rosario","left","Calle del Humilladero",608
"13",5,2,997,436,436,40.4089379,-3.7157822,"left","Calle del Rosario","left","Calle del Humilladero",609
"13",5,2,997,436,436,40.4088521,-3.71575,"left","Calle del Rosario","left","Calle del Humilladero",610
"13",5,2,997,436,436,40.4085946,-3.7153637,"left","Calle del Rosario","left","Calle del Humilladero",611
"13",5,2,997,436,436,40.4085624,-3.7152779,"left","Calle del Rosario","left","Calle del Humilladero",612
"13",5,2,997,436,436,40.4087234,-3.7149239,"left","Calle del Rosario","left","Calle del Humilladero",613
"13",5,2,997,436,436,40.4093349,-3.7134647,"left","Calle del Rosario","left","Calle del Humilladero",614
"13",5,2,997,436,436,40.4095924,-3.7135935,"left","Calle del Rosario","left","Calle del Humilladero",615
"13",5,2,997,436,436,40.409807,-3.7137008,"left","Calle del Rosario","left","Calle del Humilladero",616
"13",5,2,997,436,436,40.4099786,-3.7137973,"left","Calle del Rosario","left","Calle del Humilladero",617
"13",5,2,997,436,436,40.4100966,-3.7138617,"left","Calle del Rosario","left","Calle del Humilladero",618
"13",5,2,997,436,436,40.4101932,-3.7138939,"left","Calle del Rosario","left","Calle del Humilladero",619
"13",5,2,997,436,436,40.4103112,-3.7138939,"left","Calle del Rosario","left","Calle del Humilladero",620
"13",5,2,997,436,436,40.4103541,-3.7138402,"left","Calle del Rosario","left","Calle del Humilladero",621
"13",5,2,997,436,436,40.4104185,-3.7138081,"left","Calle del Rosario","left","Calle del Humilladero",622
"13",5,2,997,436,436,40.4105258,-3.7138188,"left","Calle del Rosario","left","Calle del Humilladero",623
"13",5,2,997,436,436,40.410558,-3.7137866,"left","Calle del Rosario","left","Calle del Humilladero",624
"13",5,2,997,436,436,40.4105902,-3.7137651,"left","Calle del Rosario","left","Calle del Humilladero",625
"13",5,2,997,436,436,40.4106224,-3.7137651,"left","Calle del Rosario","left","Calle del Humilladero",626
"13",5,2,997,436,436,40.4106545,-3.7137759,"left","Calle del Rosario","left","Calle del Humilladero",627
"13",5,2,997,436,436,40.4107189,-3.7135613,"left","Calle del Rosario","left","Calle del Humilladero",628
"13",5,2,997,436,436,40.4108369,-3.7131536,"left","Calle del Rosario","left","Calle del Humilladero",629
"13",5,2,997,436,436,40.411073,-3.7124348,"left","Calle del Rosario","left","Calle del Humilladero",630
"13",5,2,997,436,436,40.410955,-3.7124026,"left","Calle del Rosario","left","Calle del Humilladero",631
"13",5,2,997,436,436,40.4103541,-3.7118018,"left","Calle del Rosario","left","Calle del Humilladero",632
"13",5,2,997,436,436,40.4103327,-3.7117589,"left","Calle del Rosario","left","Calle del Humilladero",633
"13",5,2,997,436,436,40.4105258,-3.7115765,"left","Calle del Rosario","left","Calle del Humilladero",634
"13",5,2,997,436,436,40.4110301,-3.7113404,"left","Calle del Rosario","left","Calle del Humilladero",635
"13",5,2,997,436,436,40.4108906,-3.7105036,"left","Calle del Rosario","left","Calle del Humilladero",636
"13",5,2,997,436,436,40.4109013,-3.7104499,"left","Calle del Rosario","left","Calle del Humilladero",637
"13",5,2,997,436,436,40.4108022,-3.7104275,"left","Calle del Rosario","left","Calle del Humilladero",638
"14",2,5,644,275,275,40.4108022,-3.7104275,"left","Calle del Humilladero","left","Calle del Rosario",639
"14",2,5,644,275,275,40.4106653,-3.7103963,"left","Calle del Humilladero","left","Calle del Rosario",640
"14",2,5,644,275,275,40.4103327,-3.7103212,"left","Calle del Humilladero","left","Calle del Rosario",641
"14",2,5,644,275,275,40.4103434,-3.7104714,"left","Calle del Humilladero","left","Calle del Rosario",642
"14",2,5,644,275,275,40.4105258,-3.7115765,"left","Calle del Humilladero","left","Calle del Rosario",643
"14",2,5,644,275,275,40.4110301,-3.7113404,"left","Calle del Humilladero","left","Calle del Rosario",644
"14",2,5,644,275,275,40.411309,-3.7112224,"left","Calle del Humilladero","left","Calle del Rosario",645
"14",2,5,644,275,275,40.4114056,-3.7112439,"left","Calle del Humilladero","left","Calle del Rosario",646
"14",2,5,644,275,275,40.4113948,-3.711319,"left","Calle del Humilladero","left","Calle del Rosario",647
"14",2,5,644,275,275,40.4112017,-3.7119091,"left","Calle del Humilladero","left","Calle del Rosario",648
"14",2,5,644,275,275,40.411073,-3.7124348,"left","Calle del Humilladero","left","Calle del Rosario",649
"14",2,5,644,275,275,40.4108369,-3.7131536,"left","Calle del Humilladero","left","Calle del Rosario",650
"14",2,5,644,275,275,40.4107189,-3.7135613,"left","Calle del Humilladero","left","Calle del Rosario",651
"14",2,5,644,275,275,40.4106545,-3.7137759,"left","Calle del Humilladero","left","Calle del Rosario",652
"14",2,5,644,275,275,40.4106867,-3.7138188,"left","Calle del Humilladero","left","Calle del Rosario",653
"14",2,5,644,275,275,40.4106975,-3.713851,"left","Calle del Humilladero","left","Calle del Rosario",654
"14",2,5,644,275,275,40.4106867,-3.7139475,"left","Calle del Humilladero","left","Calle del Rosario",655
"14",2,5,644,275,275,40.4106653,-3.7139797,"left","Calle del Humilladero","left","Calle del Rosario",656
"14",2,5,644,275,275,40.4105902,-3.7139904,"left","Calle del Humilladero","left","Calle del Rosario",657
"14",2,5,644,275,275,40.4105258,-3.7139475,"left","Calle del Humilladero","left","Calle del Rosario",658
"14",2,5,644,275,275,40.4104829,-3.7139583,"left","Calle del Humilladero","left","Calle del Rosario",659
"14",2,5,644,275,275,40.4104185,-3.7139475,"left","Calle del Humilladero","left","Calle del Rosario",660
"14",2,5,644,275,275,40.4103112,-3.7138939,"left","Calle del Humilladero","left","Calle del Rosario",661
"14",2,5,644,275,275,40.4101932,-3.7138939,"left","Calle del Humilladero","left","Calle del Rosario",662
"14",2,5,644,275,275,40.4100966,-3.7138617,"left","Calle del Humilladero","left","Calle del Rosario",663
"14",2,5,644,275,275,40.4099786,-3.7137973,"left","Calle del Humilladero","left","Calle del Rosario",664
"14",2,5,644,275,275,40.409807,-3.7137008,"left","Calle del Humilladero","left","Calle del Rosario",665
"14",2,5,644,275,275,40.4097641,-3.7137866,"left","Calle del Humilladero","left","Calle del Rosario",666
"14",2,5,644,275,275,40.4097449,-3.7138335,"left","Calle del Humilladero","left","Calle del Rosario",667
"15",2,1,441,186,186,40.4108022,-3.7104275,"left","Calle del Humilladero","left","Calle de Toledo",668
"15",2,1,441,186,186,40.4106653,-3.7103963,"left","Calle del Humilladero","left","Calle de Toledo",669
"15",2,1,441,186,186,40.4103327,-3.7103212,"left","Calle del Humilladero","left","Calle de Toledo",670
"15",2,1,441,186,186,40.4102683,-3.7103212,"left","Calle del Humilladero","left","Calle de Toledo",671
"15",2,1,441,186,186,40.4099357,-3.7095058,"left","Calle del Humilladero","left","Calle de Toledo",672
"15",2,1,441,186,186,40.4103541,-3.7091732,"left","Calle del Humilladero","left","Calle de Toledo",673
"15",2,1,441,186,186,40.4104829,-3.7090659,"left","Calle del Humilladero","left","Calle de Toledo",674
"15",2,1,441,186,186,40.4107833,-3.7088299,"left","Calle del Humilladero","left","Calle de Toledo",675
"15",2,1,441,186,186,40.4111695,-3.7084651,"left","Calle del Humilladero","left","Calle de Toledo",676
"15",2,1,441,186,186,40.4111481,-3.7084329,"left","Calle del Humilladero","left","Calle de Toledo",677
"15",2,1,441,186,186,40.4111481,-3.7083364,"left","Calle del Humilladero","left","Calle de Toledo",678
"15",2,1,441,186,186,40.4111803,-3.708272,"left","Calle del Humilladero","left","Calle de Toledo",679
"15",2,1,441,186,186,40.4112446,-3.7082398,"left","Calle del Humilladero","left","Calle de Toledo",680
"15",2,1,441,186,186,40.4112875,-3.7082613,"left","Calle del Humilladero","left","Calle de Toledo",681
"15",2,1,441,186,186,40.4113197,-3.7083042,"left","Calle del Humilladero","left","Calle de Toledo",682
"15",2,1,441,186,186,40.4121351,-3.7078643,"left","Calle del Humilladero","left","Calle de Toledo",683
"16",1,2,645,266,266,40.4121351,-3.7078643,"right","Calle de Toledo","left","Calle del Humilladero",684
"16",1,2,645,266,266,40.4113197,-3.7083042,"right","Calle de Toledo","left","Calle del Humilladero",685
"16",1,2,645,266,266,40.4113305,-3.7084007,"right","Calle de Toledo","left","Calle del Humilladero",686
"16",1,2,645,266,266,40.411309,-3.7084436,"right","Calle de Toledo","left","Calle del Humilladero",687
"16",1,2,645,266,266,40.4112446,-3.7084866,"right","Calle de Toledo","left","Calle del Humilladero",688
"16",1,2,645,266,266,40.4111695,-3.7084651,"right","Calle de Toledo","left","Calle del Humilladero",689
"16",1,2,645,266,266,40.4107833,-3.7088299,"right","Calle de Toledo","left","Calle del Humilladero",690
"16",1,2,645,266,266,40.4104829,-3.7090659,"right","Calle de Toledo","left","Calle del Humilladero",691
"16",1,2,645,266,266,40.4108047,-3.7096453,"right","Calle de Toledo","left","Calle del Humilladero",692
"16",1,2,645,266,266,40.4108047,-3.7096775,"right","Calle de Toledo","left","Calle del Humilladero",693
"16",1,2,645,266,266,40.4108047,-3.7097847,"right","Calle de Toledo","left","Calle del Humilladero",694
"16",1,2,645,266,266,40.4106653,-3.7103963,"right","Calle de Toledo","left","Calle del Humilladero",695
"16",1,2,645,266,266,40.4103327,-3.7103212,"right","Calle de Toledo","left","Calle del Humilladero",696
"16",1,2,645,266,266,40.4103434,-3.7104714,"right","Calle de Toledo","left","Calle del Humilladero",697
"16",1,2,645,266,266,40.4105258,-3.7115765,"right","Calle de Toledo","left","Calle del Humilladero",698
"16",1,2,645,266,266,40.4110301,-3.7113404,"right","Calle de Toledo","left","Calle del Humilladero",699
"16",1,2,645,266,266,40.4108906,-3.7105036,"right","Calle de Toledo","left","Calle del Humilladero",700
"16",1,2,645,266,266,40.4109013,-3.7104499,"right","Calle de Toledo","left","Calle del Humilladero",701
"16",1,2,645,266,266,40.4108022,-3.7104275,"right","Calle de Toledo","left","Calle del Humilladero",702
"17",3,2,545,240,240,40.4112554,-3.7086153,"right","Plaza de la Cebada","left","Calle del Humilladero",703
"17",3,2,545,240,240,40.4112446,-3.7084866,"right","Plaza de la Cebada","left","Calle del Humilladero",704
"17",3,2,545,240,240,40.4111695,-3.7084651,"right","Plaza de la Cebada","left","Calle del Humilladero",705
"17",3,2,545,240,240,40.4107833,-3.7088299,"right","Plaza de la Cebada","left","Calle del Humilladero",706
"17",3,2,545,240,240,40.4104829,-3.7090659,"right","Plaza de la Cebada","left","Calle del Humilladero",707
"17",3,2,545,240,240,40.4108047,-3.7096453,"right","Plaza de la Cebada","left","Calle del Humilladero",708
"17",3,2,545,240,240,40.4108047,-3.7096775,"right","Plaza de la Cebada","left","Calle del Humilladero",709
"17",3,2,545,240,240,40.4108047,-3.7097847,"right","Plaza de la Cebada","left","Calle del Humilladero",710
"17",3,2,545,240,240,40.4106653,-3.7103963,"right","Plaza de la Cebada","left","Calle del Humilladero",711
"17",3,2,545,240,240,40.4103327,-3.7103212,"right","Plaza de la Cebada","left","Calle del Humilladero",712
"17",3,2,545,240,240,40.4103434,-3.7104714,"right","Plaza de la Cebada","left","Calle del Humilladero",713
"17",3,2,545,240,240,40.4105258,-3.7115765,"right","Plaza de la Cebada","left","Calle del Humilladero",714
"17",3,2,545,240,240,40.4110301,-3.7113404,"right","Plaza de la Cebada","left","Calle del Humilladero",715
"17",3,2,545,240,240,40.4108906,-3.7105036,"right","Plaza de la Cebada","left","Calle del Humilladero",716
"17",3,2,545,240,240,40.4109013,-3.7104499,"right","Plaza de la Cebada","left","Calle del Humilladero",717
"17",3,2,545,240,240,40.4108022,-3.7104275,"right","Plaza de la Cebada","left","Calle del Humilladero",718
"18",2,3,383,180,180,40.4108022,-3.7104275,"left","Calle del Humilladero","left","Plaza de la Cebada",719
"18",2,3,383,180,180,40.4106653,-3.7103963,"left","Calle del Humilladero","left","Plaza de la Cebada",720
"18",2,3,383,180,180,40.4103327,-3.7103212,"left","Calle del Humilladero","left","Plaza de la Cebada",721
"18",2,3,383,180,180,40.4102683,-3.7103212,"left","Calle del Humilladero","left","Plaza de la Cebada",722
"18",2,3,383,180,180,40.4099357,-3.7095058,"left","Calle del Humilladero","left","Plaza de la Cebada",723
"18",2,3,383,180,180,40.4103541,-3.7091732,"left","Calle del Humilladero","left","Plaza de la Cebada",724
"18",2,3,383,180,180,40.4104829,-3.7090659,"left","Calle del Humilladero","left","Plaza de la Cebada",725
"18",2,3,383,180,180,40.4107833,-3.7088299,"left","Calle del Humilladero","left","Plaza de la Cebada",726
"18",2,3,383,180,180,40.4111695,-3.7084651,"left","Calle del Humilladero","left","Plaza de la Cebada",727
"18",2,3,383,180,180,40.4111481,-3.7084329,"left","Calle del Humilladero","left","Plaza de la Cebada",728
"18",2,3,383,180,180,40.4111481,-3.7083364,"left","Calle del Humilladero","left","Plaza de la Cebada",729
"18",2,3,383,180,180,40.4111803,-3.708272,"left","Calle del Humilladero","left","Plaza de la Cebada",730
"18",2,3,383,180,180,40.4112446,-3.7082398,"left","Calle del Humilladero","left","Plaza de la Cebada",731
"18",2,3,383,180,180,40.4112875,-3.7082613,"left","Calle del Humilladero","left","Plaza de la Cebada",732
"18",2,3,383,180,180,40.4113197,-3.7083042,"left","Calle del Humilladero","left","Plaza de la Cebada",733
"18",2,3,383,180,180,40.4113305,-3.7084007,"left","Calle del Humilladero","left","Plaza de la Cebada",734
"18",2,3,383,180,180,40.411309,-3.7084436,"left","Calle del Humilladero","left","Plaza de la Cebada",735
"18",2,3,383,180,180,40.4112446,-3.7084866,"left","Calle del Humilladero","left","Plaza de la Cebada",736
"18",2,3,383,180,180,40.4112554,-3.7086153,"left","Calle del Humilladero","left","Plaza de la Cebada",737
"19",3,1,163,64,64,40.4112554,-3.7086153,"right","Plaza de la Cebada","left","Calle de Toledo",738
"19",3,1,163,64,64,40.4112446,-3.7084866,"right","Plaza de la Cebada","left","Calle de Toledo",739
"19",3,1,163,64,64,40.4111695,-3.7084651,"right","Plaza de la Cebada","left","Calle de Toledo",740
"19",3,1,163,64,64,40.4111481,-3.7084329,"right","Plaza de la Cebada","left","Calle de Toledo",741
"19",3,1,163,64,64,40.4111481,-3.7083364,"right","Plaza de la Cebada","left","Calle de Toledo",742
"19",3,1,163,64,64,40.4111803,-3.708272,"right","Plaza de la Cebada","left","Calle de Toledo",743
"19",3,1,163,64,64,40.4112446,-3.7082398,"right","Plaza de la Cebada","left","Calle de Toledo",744
"19",3,1,163,64,64,40.4112875,-3.7082613,"right","Plaza de la Cebada","left","Calle de Toledo",745
"19",3,1,163,64,64,40.4113197,-3.7083042,"right","Plaza de la Cebada","left","Calle de Toledo",746
"19",3,1,163,64,64,40.4121351,-3.7078643,"right","Plaza de la Cebada","left","Calle de Toledo",747
"20",1,3,138,46,46,40.4121351,-3.7078643,"right","Calle de Toledo","left","Plaza de la Cebada",748
"20",1,3,138,46,46,40.4113197,-3.7083042,"right","Calle de Toledo","left","Plaza de la Cebada",749
"20",1,3,138,46,46,40.4113305,-3.7084007,"right","Calle de Toledo","left","Plaza de la Cebada",750
"20",1,3,138,46,46,40.411309,-3.7084436,"right","Calle de Toledo","left","Plaza de la Cebada",751
"20",1,3,138,46,46,40.4112446,-3.7084866,"right","Calle de Toledo","left","Plaza de la Cebada",752
"20",1,3,138,46,46,40.4112554,-3.7086153,"right","Calle de Toledo","left","Plaza de la Cebada",753
